name,catchPhrase,buzzPhrase
Zieme - Reichel,Upgradable 24 hour benchmark,envisioneer rich initiatives
Bosco and Sons,Digitized fault-tolerant focus group,whiteboard 24/365 methodologies
Stamm - Johnston,Fully-configurable needs-based interface,aggregate magnetic experiences
Balistreri LLC,Progressive uniform Graphical User Interface,brand efficient supply-chains
Weimann Inc,Robust responsive paradigm,redefine wireless action-items
Pouros LLC,Synergized systemic superstructure,revolutionize revolutionary e-business
Goodwin Inc,Balanced system-worthy moratorium,evolve distributed supply-chains
"Williamson, Jenkins and Lesch",Distributed needs-based encoding,envisioneer intuitive deliverables
"Skiles, Jerde and Auer",Assimilated optimizing middleware,recontextualize world-class schemas
Goyette and Sons,Seamless context-sensitive artificial intelligence,optimize bleeding-edge relationships
"Boyer, Greenholt and Turner",Face to face bandwidth-monitored benchmark,synthesize value-added partnerships
"Von, Effertz and Vandervort",Expanded disintermediate initiative,engage proactive e-commerce
Morar - Corkery,User-friendly maximized data-warehouse,visualize 24/7 infrastructures
Jerde - Wiegand,Quality-focused human-resource Graphical User Interface,deliver proactive networks
Bayer - Ondricka,Customer-focused incremental project,matrix value-added systems
"Turner, Lindgren and Conn",Monitored bifurcated success,engineer dynamic content
Cummerata - O'Hara,Up-sized executive forecast,incubate out-of-the-box models
"Cassin, Tillman and Pollich",Pre-emptive multimedia pricing structure,facilitate virtual networks
Hermiston Group,Reverse-engineered global structure,productize clicks-and-mortar mindshare
Mueller - Bins,Cross-group regional throughput,streamline bleeding-edge niches
Weissnat - Jast,Implemented contextually-based process improvement,iterate integrated e-commerce
Abernathy Group,Polarised bottom-line firmware,incubate back-end synergies
"Quitzon, Hermiston and Kovacek",Triple-buffered real-time middleware,grow value-added solutions
"Sipes, Pollich and Lubowitz",Vision-oriented analyzing challenge,grow innovative schemas
"Dicki, Predovic and Kohler",Business-focused contextually-based pricing structure,syndicate enterprise eyeballs
"Beatty, Rath and Leannon",Cross-platform client-driven adapter,disintermediate value-added infrastructures
Langosh Inc,Configurable systematic encoding,deliver 24/7 e-markets
"Spinka, Gottlieb and Casper",Enterprise-wide directional archive,engage front-end blockchains
MacGyver - Hilll,Advanced secondary projection,empower 24/7 users
"Moore, Howell and Kautzer",Synergistic optimizing portal,strategize efficient supply-chains
Hettinger Inc,Decentralized bandwidth-monitored task-force,integrate ubiquitous infrastructures
"Fahey, Morissette and Ratke",Assimilated leading edge monitoring,implement innovative markets
Wisoky and Sons,Organic didactic concept,optimize end-to-end initiatives
"Crooks, Dietrich and Weimann",Persevering explicit toolset,streamline cutting-edge schemas
Gusikowski and Sons,Diverse mobile website,revolutionize customized initiatives
"Auer, O'Conner and Bernier",Assimilated human-resource protocol,maximize enterprise e-commerce
Hamill - Lemke,Visionary background leverage,enable dynamic architectures
Emmerich - Rodriguez,Universal multi-tasking implementation,incentivize innovative markets
"Hilpert, Effertz and Murphy",Centralized composite archive,unleash strategic markets
Gibson - Boyer,Self-enabling bifurcated complexity,cultivate turn-key e-commerce
Spencer - Walsh,Pre-emptive demand-driven firmware,streamline bricks-and-clicks schemas
Rutherford - Rippin,Triple-buffered clear-thinking system engine,visualize clicks-and-mortar supply-chains
Rempel LLC,Reverse-engineered value-added Graphic Interface,productize plug-and-play e-markets
Von Inc,Profit-focused upward-trending functionalities,empower interactive initiatives
Bailey - Lowe,Multi-channelled upward-trending protocol,cultivate viral content
Windler - Barton,Devolved even-keeled benchmark,optimize innovative deliverables
Ankunding - Bahringer,Multi-channelled value-added time-frame,revolutionize frictionless synergies
Dare - Braun,Fundamental hybrid benchmark,e-enable wireless interfaces
Grady - Weimann,Grass-roots logistical superstructure,transition 24/7 e-business
Ullrich Group,Multi-channelled global intranet,harness impactful e-commerce
Cassin and Sons,User-friendly methodical extranet,implement collaborative systems
Kerluke Inc,Self-enabling systemic extranet,enhance customized metrics
Little - Denesik,Distributed regional matrices,maximize proactive markets
Johnston Inc,Progressive foreground synergy,incubate clicks-and-mortar functionalities
"Schaden, Hodkiewicz and Funk",Virtual asymmetric matrix,orchestrate transparent eyeballs
Johnson - Murphy,Future-proofed directional open system,engage cross-media schemas
Stiedemann Inc,Reverse-engineered regional open system,iterate user-centric synergies
Gislason LLC,Multi-lateral heuristic frame,seize 24/7 content
Jacobs LLC,Fully-configurable bi-directional middleware,mesh killer initiatives
"Jones, Pagac and Paucek",Distributed didactic hardware,implement virtual communities
"Bartoletti, Thompson and Weber",Triple-buffered reciprocal monitoring,synthesize global synergies
Gusikowski Group,Optimized intangible standardization,engineer mission-critical e-commerce
Reynolds Inc,Open-architected grid-enabled product,utilize efficient markets
Schroeder - Heathcote,Proactive actuating product,seize cross-media partnerships
Wunsch Inc,Digitized directional protocol,exploit user-centric markets
"Olson, Marks and Dibbert",De-engineered incremental implementation,iterate virtual relationships
Stamm LLC,Streamlined dynamic budgetary management,iterate real-time web services
Gerhold - Erdman,Cross-group grid-enabled complexity,grow dot-com portals
"Altenwerth, Durgan and Lakin",Ergonomic multi-tasking solution,streamline killer initiatives
Moen - Feest,Fully-configurable attitude-oriented success,syndicate impactful relationships
Cremin Inc,Pre-emptive national intranet,orchestrate world-class architectures
Yundt Group,Customizable context-sensitive analyzer,synthesize customized applications
"Bahringer, Hagenes and Hane",Integrated system-worthy architecture,generate virtual e-markets
Streich LLC,User-centric cohesive secured line,benchmark cutting-edge portals
Beahan LLC,Re-contextualized next generation pricing structure,maximize best-of-breed applications
"Barton, McDermott and Russel",Versatile object-oriented encryption,incentivize granular ROI
Nader LLC,Future-proofed reciprocal project,syndicate magnetic bandwidth
"Bayer, Zboncak and King",Front-line well-modulated budgetary management,facilitate customized e-markets
Jenkins - Wolf,Versatile motivating concept,recontextualize rich e-markets
Leffler - Schowalter,Customer-focused high-level forecast,e-enable value-added interfaces
Mayert LLC,Universal 4th generation extranet,facilitate bricks-and-clicks functionalities
"Pouros, Kshlerin and Pollich",Multi-tiered coherent software,deploy efficient e-commerce
Zboncak and Sons,Diverse didactic customer loyalty,architect global models
"Waelchi, Koch and Dooley",Balanced system-worthy installation,brand sticky users
"Gutmann, Gulgowski and Kuhn",Ameliorated cohesive matrices,evolve next-generation initiatives
Kuvalis - Rohan,Seamless impactful superstructure,deliver one-to-one blockchains
"Schneider, Gerhold and Bartoletti",Organic next generation benchmark,brand dynamic methodologies
Ernser LLC,Expanded neutral architecture,brand killer niches
Schultz LLC,Automated scalable functionalities,visualize bleeding-edge networks
"Heaney, Vandervort and Stamm",Extended global secured line,revolutionize world-class bandwidth
Conroy LLC,Centralized methodical access,whiteboard robust e-commerce
Marvin - Bruen,Horizontal 3rd generation time-frame,unleash rich content
Rogahn - Smith,Multi-channelled zero defect hierarchy,engage interactive mindshare
Bogan - Schmitt,Vision-oriented foreground productivity,iterate rich paradigms
Ryan - Bashirian,Cross-platform non-volatile middleware,visualize clicks-and-mortar systems
Breitenberg - Abernathy,Face to face web-enabled product,iterate visionary applications
Volkman - Rau,Customizable analyzing capacity,maximize mission-critical e-business
Predovic - Ullrich,Optional zero defect standardization,repurpose out-of-the-box schemas
Vandervort Group,Intuitive local customer loyalty,expedite e-business architectures
Towne Group,Synergized bifurcated solution,incentivize world-class metrics
Hagenes - Grady,Visionary zero tolerance data-warehouse,extend back-end architectures
Rutherford Group,Cross-platform explicit synergy,deploy vertical interfaces
Weimann Group,Assimilated disintermediate paradigm,target visionary models
Considine LLC,Front-line eco-centric success,exploit visionary e-markets
Pollich - Gleichner,Multi-channelled system-worthy migration,target B2B portals
Tremblay LLC,Diverse dynamic secured line,synthesize next-generation web services
Kautzer - Crooks,Ergonomic value-added framework,streamline plug-and-play experiences
"Marvin, Sporer and Hoeger",Up-sized motivating contingency,embrace revolutionary content
Hermiston and Sons,Decentralized client-driven standardization,maximize scalable content
"Schumm, Cummerata and Denesik",Mandatory neutral capacity,enhance visionary e-commerce
Heller - Jacobi,Balanced didactic contingency,streamline open-source platforms
Satterfield - Leannon,Devolved client-driven leverage,incubate plug-and-play lifetime value
Schumm and Sons,Persistent bottom-line utilisation,envisioneer customized networks
Murazik - Bartoletti,Realigned asynchronous complexity,streamline robust convergence
"Hirthe, Hammes and Wolf",Phased clear-thinking time-frame,redefine killer networks
Senger Inc,Proactive modular moratorium,streamline web-enabled portals
Wuckert and Sons,Robust human-resource concept,innovate distributed relationships
Koch - Morar,Customer-focused eco-centric access,transform enterprise action-items
Ziemann Group,De-engineered context-sensitive implementation,harness turn-key interfaces
Roob and Sons,Multi-lateral systemic attitude,enable granular synergies
Pollich - Pacocha,Synergized real-time forecast,embrace 24/365 synergies
"Leannon, Waters and Schroeder",Multi-channelled 24/7 utilisation,whiteboard cross-media deliverables
"Kirlin, Mayert and Volkman",Customer-focused multimedia protocol,implement scalable relationships
Stokes - Maggio,Streamlined mobile moderator,brand open-source metrics
Franey - Goodwin,Managed leading edge projection,whiteboard real-time niches
Steuber Inc,Distributed content-based portal,enhance B2B bandwidth
"Gibson, Keebler and Ledner",Self-enabling exuding forecast,integrate sticky e-business
"Kirlin, Hackett and Wolf",Re-engineered 6th generation portal,orchestrate one-to-one channels
Littel Inc,Extended bifurcated initiative,seize bricks-and-clicks paradigms
Brown Group,Progressive multi-state projection,visualize revolutionary initiatives
Pfannerstill Inc,Phased uniform monitoring,repurpose sexy e-markets
Haag and Sons,Streamlined homogeneous help-desk,benchmark plug-and-play infrastructures
"Barrows, Kris and Bernhard",Cross-platform explicit utilisation,drive strategic content
Weber and Sons,Operative foreground hierarchy,enable frictionless users
Dickens - Beahan,Profit-focused heuristic pricing structure,iterate sticky experiences
Schulist - Rohan,Versatile motivating encryption,engage plug-and-play action-items
Reynolds and Sons,User-centric analyzing hardware,cultivate integrated portals
Schiller Group,Reduced coherent implementation,disintermediate revolutionary action-items
Block Inc,Triple-buffered tertiary framework,innovate back-end convergence
Mayer - Cole,Diverse cohesive paradigm,optimize cutting-edge architectures
Gibson - Moen,Grass-roots tertiary array,e-enable impactful systems
Sawayn Group,Seamless client-driven utilisation,incubate cross-platform paradigms
"Schaefer, Bernhard and Dickens",Operative intangible leverage,scale 24/365 initiatives
Lubowitz and Sons,Down-sized intermediate pricing structure,generate synergistic metrics
Gibson Group,Visionary 24/7 system engine,exploit frictionless e-markets
"Jacobson, O'Conner and Rosenbaum",Diverse non-volatile portal,recontextualize holistic solutions
Abernathy - Bosco,Upgradable demand-driven standardization,architect bricks-and-clicks e-business
Legros - Quigley,Assimilated reciprocal process improvement,seize killer networks
Rolfson LLC,Polarised methodical Graphic Interface,morph cross-media markets
Purdy Group,Grass-roots tertiary parallelism,enhance back-end infrastructures
Ernser and Sons,Front-line transitional structure,leverage real-time channels
Douglas Inc,Cross-platform discrete migration,maximize collaborative portals
Koch and Sons,Monitored analyzing service-desk,engage killer systems
Heller - Padberg,Expanded context-sensitive extranet,grow customized action-items
Murazik - Quigley,Synergized intermediate hierarchy,brand integrated convergence
Brakus - O'Kon,User-friendly bi-directional benchmark,strategize innovative web services
Moen Group,Right-sized zero defect installation,matrix dot-com technologies
"Kub, Bernhard and Ortiz",Organized secondary throughput,cultivate sexy partnerships
Champlin Group,Re-engineered dedicated toolset,repurpose efficient e-markets
"White, Stiedemann and Muller",Reactive stable circuit,implement extensible lifetime value
Blick - Berge,Function-based grid-enabled throughput,exploit clicks-and-mortar synergies
"Bogan, Stoltenberg and Keebler",Mandatory maximized database,exploit wireless bandwidth
Lemke - Collier,Streamlined upward-trending portal,e-enable frictionless architectures
Stiedemann LLC,Inverse mission-critical open architecture,optimize 24/365 technologies
Leuschke - Dickens,Total well-modulated task-force,empower one-to-one infrastructures
Considine - Collier,Advanced next generation paradigm,orchestrate efficient synergies
"Ankunding, Lakin and Emmerich",Secured transitional open system,streamline integrated solutions
Considine - O'Connell,Profound client-server budgetary management,monetize granular channels
"Jast, Von and Flatley",Switchable fresh-thinking interface,redefine scalable portals
Wunsch and Sons,Proactive intangible function,morph cutting-edge ROI
Koch - Fritsch,Integrated responsive parallelism,strategize clicks-and-mortar niches
Harris - Bartell,Quality-focused actuating data-warehouse,incentivize wireless systems
Bogisich LLC,Synergistic human-resource approach,exploit frictionless experiences
"Denesik, Watsica and McDermott",Ergonomic tertiary knowledge user,deploy efficient web services
Gottlieb - Kirlin,Phased user-facing neural-net,disintermediate one-to-one paradigms
Funk and Sons,Mandatory user-facing encoding,harness real-time networks
"Daniel, Ullrich and Heaney",Robust bifurcated knowledge base,innovate e-business deliverables
Pfeffer - Rohan,Exclusive 4th generation open system,grow one-to-one interfaces
Lind - Hilpert,De-engineered even-keeled model,streamline 24/7 bandwidth
Quigley and Sons,Polarised hybrid moderator,orchestrate e-business e-markets
Schroeder LLC,Customer-focused system-worthy product,reinvent holistic convergence
"Keebler, Hayes and Kuphal",Quality-focused clear-thinking monitoring,harness transparent ROI
"Sporer, Luettgen and Schmidt",Progressive global initiative,maximize clicks-and-mortar platforms
"Langosh, Lang and Gulgowski",Distributed systematic standardization,whiteboard wireless bandwidth
"Cassin, Beier and Kovacek",Advanced zero defect website,matrix seamless models
Corwin and Sons,Proactive interactive knowledge base,mesh web-enabled web services
O'Conner - Miller,Business-focused static encryption,unleash interactive e-commerce
Walsh - Hamill,Business-focused human-resource workforce,streamline proactive infrastructures
White and Sons,Reverse-engineered attitude-oriented artificial intelligence,benchmark distributed paradigms
"Graham, Nolan and Beier",Programmable next generation contingency,whiteboard revolutionary technologies
Dickens Inc,Reduced web-enabled focus group,streamline impactful networks
Lockman - Leffler,Networked 3rd generation archive,expedite clicks-and-mortar niches
Fay Inc,Mandatory zero administration function,enable web-enabled systems
"Jenkins, Hickle and Ritchie",Robust motivating knowledge user,cultivate visionary mindshare
Fay - Franecki,Mandatory uniform instruction set,integrate holistic methodologies
Lynch Inc,Implemented static workforce,matrix proactive networks
O'Conner - Bartell,Sharable local ability,leverage end-to-end bandwidth
Wuckert Inc,Synergized multimedia hierarchy,revolutionize synergistic niches
"Emmerich, Kunze and Krajcik",Open-source context-sensitive capability,seize dynamic schemas
Koelpin LLC,Centralized homogeneous flexibility,deploy seamless experiences
"Legros, Strosin and Jast",Adaptive didactic encryption,optimize out-of-the-box supply-chains
"Balistreri, Treutel and Greenfelder",Integrated hybrid help-desk,productize 24/365 infrastructures
Pacocha Inc,Networked 24 hour product,unleash intuitive lifetime value
Shanahan and Sons,Digitized responsive process improvement,reinvent mission-critical networks
Greenfelder - Mohr,Down-sized needs-based access,disintermediate 24/365 solutions
Welch - Okuneva,Front-line analyzing leverage,orchestrate killer synergies
Bruen - Johnson,Profound radical Graphic Interface,exploit granular interfaces
Greenfelder - Zemlak,Down-sized stable time-frame,visualize rich web services
Batz - Rogahn,Centralized optimal info-mediaries,empower virtual functionalities
"Heaney, Kuhn and Schimmel",Operative holistic superstructure,incentivize bleeding-edge partnerships
"Breitenberg, Fritsch and Gislason",Extended foreground flexibility,scale real-time portals
Kunze LLC,Synchronised bifurcated workforce,evolve proactive functionalities
Ferry Inc,Innovative executive local area network,enable back-end applications
Hintz Group,Business-focused web-enabled parallelism,engineer virtual solutions
Legros - Quigley,Fundamental interactive knowledge user,enhance holistic schemas
Keebler LLC,User-centric eco-centric toolset,drive vertical portals
Towne - Bode,Reverse-engineered full-range process improvement,orchestrate web-enabled e-markets
O'Reilly Inc,User-centric eco-centric focus group,integrate sexy deliverables
"Osinski, Friesen and Keeling",Profit-focused real-time challenge,deliver virtual paradigms
"Collier, Baumbach and Dickinson",Proactive empowering process improvement,streamline transparent systems
Langworth - Rath,Polarised clear-thinking hardware,benchmark cutting-edge functionalities
Tillman - Armstrong,Managed system-worthy definition,reintermediate cutting-edge metrics
Wilderman Inc,Balanced grid-enabled core,syndicate robust markets
Klocko - Stracke,Face to face asymmetric instruction set,grow best-of-breed platforms
"Rutherford, Legros and Spencer",Devolved 5th generation framework,target viral communities
Wilderman - Williamson,User-centric zero administration methodology,matrix holistic deliverables
Barrows - Treutel,Intuitive global system engine,enhance transparent methodologies
Paucek - Gerlach,Business-focused impactful strategy,whiteboard cross-media systems
Kunze - Reynolds,Advanced dedicated implementation,maximize global metrics
"Becker, Littel and Christiansen",Seamless static local area network,benchmark cross-media interfaces
"Franey, Lehner and Grimes",User-friendly system-worthy extranet,strategize out-of-the-box markets
Treutel - Block,Diverse disintermediate secured line,benchmark visionary models
Bernier - Miller,Integrated intangible application,benchmark sexy functionalities
Grady LLC,Team-oriented fresh-thinking local area network,envisioneer leading-edge models
O'Connell LLC,Re-contextualized content-based superstructure,embrace dynamic initiatives
Sporer - Stamm,Phased systemic toolset,architect virtual bandwidth
Jenkins - Miller,Persistent mobile knowledge user,streamline B2C schemas
"White, Larkin and Lesch",Expanded coherent moderator,unleash world-class synergies
Harber - Kerluke,Universal client-server matrices,reintermediate cutting-edge web services
Bechtelar - Senger,Re-engineered system-worthy flexibility,monetize customized platforms
Reichert Inc,Monitored intangible benchmark,matrix distributed blockchains
Feest Inc,Synchronised regional monitoring,implement turn-key action-items
"Bahringer, Waters and Zieme",Mandatory logistical analyzer,empower real-time methodologies
Lakin Group,Multi-channelled non-volatile matrices,cultivate global relationships
Walker and Sons,Team-oriented content-based archive,engage compelling deliverables
Bins and Sons,Virtual systematic pricing structure,brand wireless platforms
"Hagenes, Block and Kovacek",Multi-tiered neutral hierarchy,expedite open-source action-items
Heidenreich - Purdy,Customer-focused national instruction set,visualize seamless bandwidth
Corwin Group,Right-sized bifurcated productivity,innovate customized models
Schmeler Inc,Polarised fault-tolerant parallelism,monetize back-end metrics
Morar - Hand,Right-sized homogeneous hardware,utilize scalable supply-chains
Williamson and Sons,Switchable coherent task-force,revolutionize granular systems
"Pfeffer, Monahan and Kulas",Diverse asymmetric challenge,enhance B2C convergence
Donnelly - Hayes,Ameliorated homogeneous parallelism,transition bricks-and-clicks applications
Lockman Group,Digitized global open system,exploit integrated models
McClure - Shanahan,Diverse fault-tolerant internet solution,cultivate customized markets
Kuhn Group,Synergized transitional solution,monetize impactful deliverables
Tromp - Schuster,Centralized human-resource structure,generate mission-critical schemas
"Keebler, Orn and Cassin",Future-proofed holistic capability,optimize turn-key experiences
"Becker, Schuster and Smitham",Pre-emptive explicit time-frame,cultivate distributed metrics
Thiel and Sons,Decentralized encompassing standardization,recontextualize impactful technologies
Zemlak - Stamm,Open-architected scalable challenge,transform robust content
Torp - Casper,User-friendly motivating info-mediaries,synergize global lifetime value
"Ward, White and Cormier",Distributed fault-tolerant artificial intelligence,brand scalable e-markets
Sauer - Brown,Multi-tiered local Graphical User Interface,monetize global infrastructures
"Nienow, Bahringer and Pagac",Stand-alone maximized collaboration,synergize cross-platform blockchains
Douglas - Wiza,Object-based bandwidth-monitored definition,reinvent transparent experiences
McCullough Inc,Front-line bifurcated ability,optimize one-to-one portals
Jones Inc,Reactive tertiary benchmark,transition integrated deliverables
Kovacek Inc,Stand-alone zero administration initiative,target viral communities
Grady Group,Visionary fault-tolerant productivity,target clicks-and-mortar ROI
Torp LLC,Innovative foreground encoding,reinvent synergistic convergence
Buckridge Inc,Devolved stable moratorium,scale cross-platform systems
Flatley and Sons,Pre-emptive scalable model,engineer frictionless e-markets
Greenfelder Group,Visionary high-level hardware,unleash cross-media ROI
"McLaughlin, Witting and Keebler",Distributed exuding array,embrace interactive ROI
Block - Abbott,Front-line local portal,enable seamless solutions
"Wuckert, Adams and Torphy",Progressive value-added installation,streamline 24/7 systems
Bernier Inc,Grass-roots static parallelism,redefine robust web services
Heidenreich - Hoeger,Seamless full-range intranet,benchmark transparent models
Hessel - McLaughlin,Team-oriented regional data-warehouse,transform robust e-markets
Hilll and Sons,Phased local time-frame,enhance 24/365 channels
White - Schamberger,User-friendly multimedia array,disintermediate extensible deliverables
Jakubowski Inc,Customer-focused dynamic hierarchy,reintermediate frictionless partnerships
Mante Group,Open-architected needs-based emulation,engage killer schemas
Littel - Lueilwitz,Reactive fault-tolerant system engine,repurpose user-centric functionalities
Pfannerstill and Sons,Upgradable analyzing ability,redefine viral communities
Olson - Kling,Cloned real-time concept,redefine dot-com portals
Upton and Sons,Persevering interactive infrastructure,harness value-added e-markets
Leuschke LLC,Integrated national open system,benchmark cross-platform relationships
"Crist, MacGyver and Beahan",Grass-roots hybrid methodology,reintermediate plug-and-play users
Pfeffer - Wuckert,Organized grid-enabled middleware,scale sticky paradigms
Runolfsdottir Inc,Open-architected client-driven ability,redefine B2B ROI
Brown - Runte,Realigned 6th generation internet solution,deliver integrated applications
O'Conner - Rutherford,Upgradable attitude-oriented approach,unleash global architectures
"Haley, Runolfsdottir and Veum",Persistent full-range service-desk,unleash customized bandwidth
"Ritchie, Zulauf and Senger",Customer-focused directional approach,redefine robust supply-chains
Carroll Group,Down-sized asynchronous conglomeration,generate dynamic deliverables
"Kuhlman, Greenfelder and Hegmann",Face to face even-keeled initiative,incentivize robust web services
Reinger - Schinner,Ameliorated 24 hour hub,integrate B2B deliverables
Predovic Group,Synchronised real-time Graphical User Interface,monetize e-business applications
"Hane, Barrows and Hackett",Configurable upward-trending solution,redefine cross-media interfaces
Wilderman - Huels,Team-oriented tangible instruction set,deploy dynamic portals
"Mayer, Klocko and Feest",Phased optimal workforce,deliver integrated users
Mills - Borer,Vision-oriented client-server contingency,synthesize integrated supply-chains
"Schmidt, Emard and Watsica",Persistent client-driven frame,exploit ubiquitous blockchains
"Williamson, Watsica and Bashirian",Object-based 6th generation encoding,implement customized action-items
Bednar - Jaskolski,Focused bifurcated frame,e-enable collaborative mindshare
Deckow - Gottlieb,Persevering hybrid hub,expedite plug-and-play infrastructures
Rosenbaum - Kessler,Synchronised responsive software,implement visionary metrics
West - Kihn,Integrated attitude-oriented support,architect scalable blockchains
Graham - Kirlin,Triple-buffered mission-critical success,deliver ubiquitous deliverables
Runolfsson Group,Implemented modular frame,aggregate efficient niches
"Cronin, Koss and Kilback",Customer-focused asymmetric toolset,orchestrate mission-critical eyeballs
Pollich - Russel,Organized full-range strategy,exploit 24/7 architectures
Kshlerin - Barton,Diverse incremental model,exploit innovative lifetime value
"Altenwerth, Hammes and Fritsch",Expanded context-sensitive challenge,integrate visionary synergies
"Kuhn, Bogan and Bayer",Exclusive directional frame,expedite turn-key action-items
Glover and Sons,Persistent human-resource function,morph cross-media relationships
Littel - Nader,Adaptive even-keeled focus group,empower B2B platforms
Wehner Inc,Self-enabling multi-tasking task-force,exploit mission-critical e-business
"Hermiston, Weber and Labadie",Face to face foreground definition,exploit real-time blockchains
Renner and Sons,Polarised client-server Graphic Interface,matrix global architectures
Windler - Reichert,Profit-focused zero administration infrastructure,visualize compelling action-items
Daniel LLC,Cross-platform multi-state synergy,deploy ubiquitous markets
"Kunde, Berge and Konopelski",Cross-group scalable access,incentivize plug-and-play content
"Fisher, Wunsch and Pfannerstill",Persevering zero defect archive,leverage granular metrics
Feeney LLC,Balanced value-added budgetary management,reintermediate plug-and-play architectures
"Hegmann, Green and Labadie",User-centric modular solution,disintermediate magnetic web services
Sporer - Murphy,Operative bottom-line software,implement scalable ROI
"Armstrong, Dicki and Padberg",Intuitive intermediate concept,monetize granular networks
Considine and Sons,Ergonomic well-modulated encoding,implement mission-critical deliverables
Hayes Group,Fundamental asymmetric model,visualize visionary infrastructures
Anderson Group,Optional object-oriented support,deploy cutting-edge methodologies
Schultz - Balistreri,Horizontal responsive archive,engineer best-of-breed functionalities
"Ortiz, Donnelly and Schowalter",Pre-emptive tertiary flexibility,brand cutting-edge e-markets
"Lakin, Davis and Pouros",Multi-layered national concept,synthesize proactive metrics
Lakin - Cruickshank,Stand-alone clear-thinking emulation,seize e-business methodologies
"Jakubowski, Robel and Johnston",Exclusive solution-oriented leverage,optimize compelling action-items
Bartoletti Inc,Multi-tiered mobile Graphic Interface,architect cross-platform networks
Mante and Sons,Programmable tangible array,engineer revolutionary mindshare
Langworth - Jast,User-friendly asymmetric instruction set,seize turn-key mindshare
Dickens - Brown,Total static throughput,incentivize compelling blockchains
"Cremin, Jaskolski and Pagac",Reduced empowering emulation,benchmark granular communities
Abshire - Mertz,Reverse-engineered system-worthy system engine,incentivize holistic networks
Weissnat - Pollich,Adaptive system-worthy info-mediaries,scale world-class initiatives
"Robel, Deckow and Jaskolski",Synchronised object-oriented frame,transition visionary e-markets
Schmeler Inc,Multi-lateral zero defect throughput,maximize cross-platform supply-chains
"Dach, Johns and O'Conner",Distributed 4th generation moratorium,envisioneer interactive portals
"Mohr, Spencer and O'Conner",Persevering static approach,cultivate world-class mindshare
Mayert - Raynor,Integrated exuding toolset,benchmark strategic technologies
"Schuppe, Hahn and Heller",Optimized heuristic neural-net,mesh 24/7 niches
Russel LLC,Organized regional data-warehouse,visualize collaborative infrastructures
Turcotte LLC,Multi-layered directional throughput,integrate real-time models
Skiles Inc,Profound systematic superstructure,repurpose B2C experiences
Harber LLC,Open-source stable moderator,expedite distributed platforms
Hane and Sons,Seamless dedicated workforce,generate rich lifetime value
"Bergstrom, White and Ratke",Monitored empowering functionalities,benchmark interactive ROI
O'Conner Inc,Implemented systematic encoding,benchmark ubiquitous models
"Lindgren, Morar and Mayert",Down-sized didactic task-force,target out-of-the-box synergies
"Koepp, Effertz and Lemke",Streamlined solution-oriented core,evolve turn-key technologies
"Goldner, Roberts and Fisher",Integrated well-modulated process improvement,strategize customized action-items
Hickle - Borer,Pre-emptive bi-directional knowledge base,transform e-business channels
"Cassin, Sporer and Satterfield",De-engineered 4th generation middleware,enhance compelling experiences
Wiza LLC,Phased executive utilisation,exploit vertical eyeballs
"Schultz, Hahn and Walker",Secured explicit protocol,syndicate cutting-edge paradigms
Anderson - Waters,Total demand-driven help-desk,matrix collaborative bandwidth
Yost - Lueilwitz,Assimilated incremental parallelism,seize efficient interfaces
Steuber - Gerlach,Team-oriented empowering toolset,enhance seamless eyeballs
"Schmidt, Sawayn and Kuvalis",Exclusive asymmetric solution,drive collaborative interfaces
Ritchie - Ward,Open-architected incremental Graphic Interface,enhance rich technologies
Hahn Group,Multi-tiered user-facing strategy,disintermediate B2B eyeballs
"Mosciski, Zieme and Daugherty",Open-architected scalable time-frame,incentivize mission-critical solutions
Von - Hirthe,Triple-buffered well-modulated internet solution,iterate user-centric systems
Keeling - Zieme,Proactive global info-mediaries,empower best-of-breed paradigms
Zboncak LLC,Multi-lateral methodical policy,maximize turn-key technologies
"Feil, Bechtelar and Howell",Up-sized zero administration system engine,target real-time content
"MacGyver, Goyette and Sporer",Phased composite Graphic Interface,target extensible action-items
Rempel Group,Self-enabling analyzing infrastructure,integrate virtual markets
Corwin - Bins,Integrated executive time-frame,repurpose leading-edge channels
Larson - Legros,Configurable even-keeled challenge,reinvent end-to-end communities
Baumbach - Kozey,Realigned client-driven moderator,implement magnetic portals
"Olson, Brown and Crist",Upgradable national solution,transform world-class web services
Romaguera - Johnson,Up-sized homogeneous utilisation,matrix turn-key functionalities
Kris Inc,Optional zero administration structure,grow collaborative e-commerce
Purdy - Rohan,Re-contextualized even-keeled alliance,cultivate one-to-one e-business
Lueilwitz Inc,Synergistic solution-oriented solution,utilize wireless e-commerce
Will LLC,Secured tertiary approach,drive compelling supply-chains
"Wolff, O'Hara and Friesen",Fundamental empowering time-frame,productize strategic metrics
Tromp - Sipes,Advanced executive function,seize 24/7 web services
Gusikowski LLC,Self-enabling object-oriented pricing structure,brand extensible niches
McDermott Group,Operative content-based knowledge user,target extensible infrastructures
Dicki - Rutherford,Horizontal dedicated internet solution,reintermediate dynamic blockchains
Abernathy Group,Re-contextualized transitional array,revolutionize real-time models
Jakubowski - Flatley,Ergonomic uniform neural-net,benchmark cross-media communities
Russel and Sons,Configurable local knowledge user,drive scalable methodologies
Ferry - Fritsch,User-friendly multimedia function,repurpose end-to-end interfaces
Okuneva and Sons,Sharable background projection,strategize extensible markets
MacGyver - Jaskolski,Programmable system-worthy attitude,repurpose value-added channels
Mann - Hodkiewicz,Triple-buffered directional capability,disintermediate next-generation content
"Lehner, Kutch and Bruen",Assimilated bottom-line capability,enable ubiquitous technologies
Jacobson and Sons,Configurable mobile extranet,reinvent granular lifetime value
Crist and Sons,Operative full-range middleware,revolutionize 24/7 infrastructures
Blick - Kulas,Diverse real-time software,expedite real-time relationships
"Orn, Stehr and Kling",Cross-group intangible framework,reintermediate global channels
Schaefer - Hagenes,Phased tertiary utilisation,synthesize one-to-one lifetime value
Schneider - Tremblay,Switchable methodical project,innovate ubiquitous content
Paucek - Pollich,User-centric multi-tasking complexity,cultivate wireless technologies
"Dickinson, Ankunding and Blick",Down-sized radical attitude,mesh enterprise blockchains
Nitzsche Group,Mandatory fault-tolerant local area network,iterate extensible channels
Kiehn - Zulauf,Switchable user-facing matrices,syndicate web-enabled users
Glover - Marvin,Optional grid-enabled model,reinvent real-time infrastructures
Corwin - Schuster,Balanced transitional knowledge base,incubate cutting-edge relationships
Rolfson - Blanda,Down-sized full-range flexibility,maximize granular supply-chains
Schroeder - Armstrong,User-centric zero tolerance strategy,mesh cross-media channels
Cummerata - Parker,Enhanced 24/7 capacity,redefine user-centric channels
Ullrich - Hand,Self-enabling dedicated projection,synthesize global models
Toy and Sons,Right-sized static framework,brand virtual methodologies
Herman - Armstrong,Polarised context-sensitive utilisation,syndicate turn-key applications
Denesik and Sons,Optimized empowering projection,synthesize frictionless solutions
Cartwright LLC,Programmable non-volatile neural-net,incentivize user-centric deliverables
Grimes Group,Fully-configurable solution-oriented moderator,expedite best-of-breed eyeballs
"Gibson, Hayes and Johnson",Ameliorated interactive leverage,grow world-class relationships
Spencer - Abshire,Synergized methodical protocol,deploy visionary paradigms
Powlowski - Windler,Open-source mission-critical forecast,maximize turn-key portals
"Parker, Tremblay and Bechtelar",Profit-focused bi-directional task-force,embrace transparent models
Daniel Inc,Future-proofed intangible alliance,drive 24/7 networks
"Cruickshank, Lang and Spencer",Decentralized modular interface,exploit collaborative functionalities
"Willms, Huel and Cremin",Face to face 5th generation process improvement,synthesize 24/7 deliverables
Balistreri Inc,Inverse systemic application,deploy transparent e-commerce
Rippin - Watsica,Secured bandwidth-monitored hierarchy,whiteboard e-business ROI
"Klein, Bartell and Robel",User-centric exuding leverage,reintermediate user-centric systems
Greenfelder - Fritsch,Polarised discrete interface,synthesize robust blockchains
"Denesik, Stoltenberg and Langosh",Stand-alone encompassing capacity,drive holistic applications
"Kassulke, MacGyver and Doyle",Digitized actuating task-force,reinvent synergistic solutions
Miller Inc,Synergized executive benchmark,morph compelling web services
"Kuphal, Robel and Wisozk",Visionary zero defect Graphical User Interface,monetize back-end paradigms
"Abernathy, Langworth and Howe",Focused eco-centric artificial intelligence,harness B2B communities
"Kohler, Nitzsche and Reynolds",Self-enabling executive instruction set,iterate 24/7 systems
Brown - Gutmann,Devolved 3rd generation analyzer,iterate e-business supply-chains
Kautzer - Daugherty,Reduced responsive throughput,embrace robust supply-chains
Osinski and Sons,Secured dedicated synergy,target turn-key metrics
"Stehr, Hackett and Mertz",Compatible content-based structure,reinvent ubiquitous schemas
Ferry - Streich,Operative multi-state portal,transition one-to-one communities
Ward Inc,Organized bifurcated attitude,exploit extensible infrastructures
Fadel - Towne,Assimilated upward-trending neural-net,cultivate 24/7 eyeballs
Paucek - Conn,Re-contextualized exuding encryption,strategize 24/365 relationships
Kassulke and Sons,Configurable interactive product,evolve innovative markets
Kuhn - Goldner,Open-source disintermediate contingency,whiteboard viral interfaces
Dickens - Bashirian,Multi-lateral motivating focus group,redefine cross-media portals
Homenick Group,Visionary intangible adapter,syndicate open-source ROI
Dibbert - Bayer,Multi-layered modular website,reintermediate innovative ROI
O'Keefe Group,Grass-roots multi-tasking throughput,morph global action-items
"Johnston, McCullough and Mitchell",Quality-focused non-volatile workforce,exploit holistic mindshare
Ferry and Sons,Up-sized 24/7 productivity,engineer B2C methodologies
Lindgren Group,Public-key bandwidth-monitored collaboration,expedite collaborative solutions
"Shields, Flatley and Hickle",Upgradable optimal workforce,reinvent revolutionary relationships
Schneider - Zemlak,Integrated secondary capacity,synthesize world-class supply-chains
"Brown, Goyette and Walker",Multi-channelled incremental superstructure,aggregate user-centric ROI
"Funk, McLaughlin and Wehner",Sharable content-based support,architect clicks-and-mortar blockchains
Grady - MacGyver,Enhanced optimal structure,evolve best-of-breed content
Goyette and Sons,Managed background initiative,whiteboard world-class schemas
Casper - Mraz,Digitized logistical time-frame,strategize B2C synergies
Dietrich - Champlin,Function-based modular capability,embrace distributed paradigms
Keeling - Kutch,Compatible eco-centric matrix,reintermediate real-time channels
"Abshire, Wisoky and Rice",User-friendly grid-enabled adapter,visualize front-end channels
"Berge, Lubowitz and Hodkiewicz",Multi-channelled neutral flexibility,transform open-source eyeballs
"Kling, Hermiston and Mraz",Visionary optimizing encoding,transform 24/7 bandwidth
Howell - Dooley,Progressive static concept,synergize back-end e-commerce
Wiza Inc,Digitized human-resource parallelism,reinvent synergistic models
Leuschke - Cremin,Robust context-sensitive functionalities,monetize rich blockchains
Wiegand - Kris,Ameliorated optimizing open architecture,incubate front-end niches
Kuhn - Lindgren,Digitized well-modulated functionalities,expedite value-added niches
Moore - Goodwin,Sharable intangible architecture,utilize extensible e-markets
Greenholt - Franey,Organized bifurcated policy,exploit magnetic mindshare
Blanda - Fisher,Fundamental zero tolerance solution,enhance virtual methodologies
Emmerich and Sons,Networked contextually-based secured line,syndicate synergistic e-markets
"Smith, Kiehn and Gottlieb",Reverse-engineered global synergy,redefine magnetic architectures
Rodriguez - Bergstrom,Balanced fault-tolerant array,grow wireless experiences
"Brown, Kilback and Renner",User-friendly intermediate system engine,maximize magnetic paradigms
Corkery Group,Face to face dynamic ability,aggregate open-source action-items
"Pagac, Lockman and Rosenbaum",Optimized fault-tolerant middleware,aggregate B2C supply-chains
Hettinger - Marvin,Upgradable scalable firmware,aggregate 24/7 portals
Roberts - Hagenes,Future-proofed didactic alliance,whiteboard strategic users
Abernathy and Sons,Intuitive motivating definition,transition interactive web services
Hackett and Sons,Reverse-engineered optimal emulation,engage viral markets
Borer and Sons,Reactive composite software,monetize proactive infrastructures
Windler - Connelly,Object-based holistic system engine,monetize out-of-the-box metrics
Schoen - Romaguera,Organized modular portal,envisioneer customized interfaces
"Rath, Legros and Haag",Open-architected 24/7 paradigm,morph magnetic applications
Ward - Klocko,Pre-emptive systematic benchmark,generate enterprise supply-chains
Johnson - Romaguera,Adaptive systematic adapter,matrix e-business models
"Steuber, Beatty and Roberts",User-centric object-oriented internet solution,exploit innovative web services
Turcotte and Sons,Integrated well-modulated architecture,morph transparent deliverables
Nader - Littel,Total solution-oriented approach,utilize efficient functionalities
"Barton, Witting and Pouros",Public-key maximized analyzer,expedite rich technologies
"Gorczany, Hilll and Lang",Managed tangible complexity,mesh one-to-one mindshare
Kiehn - Mann,Virtual local portal,deliver viral mindshare
Homenick - Littel,Virtual tangible customer loyalty,morph wireless infrastructures
Dicki Inc,Innovative zero administration solution,incentivize global blockchains
Kris - Mueller,Ameliorated fresh-thinking hardware,streamline out-of-the-box schemas
Grimes and Sons,Integrated static function,reintermediate open-source interfaces
Mohr LLC,Robust 24/7 time-frame,redefine customized systems
Hoppe Group,Customizable static open system,whiteboard customized deliverables
Zieme Group,Digitized discrete application,productize turn-key deliverables
"Muller, Tillman and Waters",Exclusive didactic time-frame,cultivate value-added mindshare
"Russel, Davis and Marquardt",Configurable stable circuit,visualize seamless initiatives
"Moore, D'Amore and Goyette",Streamlined uniform flexibility,reinvent seamless solutions
"Beahan, Fay and King",Sharable leading edge paradigm,incubate dynamic web services
"Heidenreich, Rippin and King",Function-based static analyzer,incubate back-end models
"Gottlieb, Trantow and Kuhlman",Organic mobile monitoring,enable world-class paradigms
Bruen Group,Multi-layered system-worthy adapter,scale extensible users
Gottlieb and Sons,Intuitive global complexity,transform integrated solutions
"Aufderhar, Schinner and Wyman",Digitized mission-critical collaboration,seize extensible paradigms
Hudson Inc,Multi-channelled mobile system engine,strategize B2B channels
Nienow - O'Reilly,Face to face client-server standardization,syndicate seamless applications
Boyer - Marvin,Phased scalable adapter,productize clicks-and-mortar ROI
Jacobs and Sons,Team-oriented upward-trending data-warehouse,synergize open-source partnerships
Stoltenberg - Cole,Open-architected analyzing firmware,repurpose compelling architectures
"Smitham, Gerlach and O'Hara",Diverse 5th generation matrices,orchestrate next-generation web services
Nicolas - McGlynn,Persevering clear-thinking concept,reinvent value-added networks
"Cormier, Koelpin and Gleason",Triple-buffered needs-based ability,implement distributed paradigms
"Grant, Jenkins and Hauck",Multi-tiered executive parallelism,engineer leading-edge paradigms
"Herzog, Koelpin and Nienow",Synergized bifurcated neural-net,exploit proactive models
Buckridge LLC,Diverse local portal,leverage best-of-breed infrastructures
Stracke - Torphy,Face to face bi-directional time-frame,productize wireless paradigms
Bradtke and Sons,Enhanced 24 hour projection,leverage bleeding-edge convergence
Champlin - Daniel,Ameliorated clear-thinking alliance,synthesize customized schemas
"Koepp, Wuckert and Strosin",Reduced multi-state Graphical User Interface,enhance out-of-the-box communities
Hintz - Labadie,Reverse-engineered 5th generation task-force,envisioneer user-centric lifetime value
Emard and Sons,Advanced mission-critical matrix,deliver end-to-end technologies
"Bradtke, Frami and Rath",Managed asymmetric hub,exploit next-generation functionalities
"Quitzon, Nienow and Kuhlman",Customer-focused neutral knowledge user,disintermediate impactful applications
Schaden Inc,Decentralized clear-thinking firmware,synthesize virtual convergence
Borer - Mante,Distributed 5th generation secured line,reintermediate one-to-one eyeballs
Johns - Bogan,Multi-channelled upward-trending forecast,repurpose dynamic content
Sipes Inc,Open-architected intermediate toolset,engage turn-key platforms
Feeney and Sons,Face to face value-added service-desk,recontextualize intuitive initiatives
Greenfelder - Mante,Compatible encompassing moderator,facilitate real-time blockchains
"Lueilwitz, Price and O'Hara",Robust human-resource implementation,expedite virtual systems
Considine LLC,Fundamental object-oriented hub,target innovative synergies
McLaughlin - Farrell,Sharable static pricing structure,harness mission-critical communities
Jast - Kuvalis,Public-key intermediate application,maximize e-business supply-chains
"Terry, Rolfson and Hills",Polarised system-worthy structure,incentivize strategic lifetime value
"Crist, Von and Leuschke",Decentralized leading edge customer loyalty,aggregate real-time eyeballs
Marks - Pollich,Focused 6th generation throughput,orchestrate plug-and-play users
Witting and Sons,Up-sized methodical superstructure,benchmark innovative niches
Skiles Inc,Multi-layered interactive help-desk,transition leading-edge interfaces
Sauer - Lowe,Digitized background standardization,facilitate mission-critical experiences
Mayer and Sons,Secured leading edge Graphic Interface,redefine rich partnerships
Goodwin Inc,Configurable 24 hour functionalities,productize B2B blockchains
Pfeffer - Heidenreich,Persevering upward-trending neural-net,extend web-enabled functionalities
"Christiansen, Ritchie and Mayer",Exclusive composite utilisation,transition killer synergies
Breitenberg - Gutmann,Implemented directional Graphic Interface,synthesize B2B deliverables
Kessler Inc,Down-sized eco-centric initiative,productize rich eyeballs
"Rogahn, Swaniawski and Gerlach",Synergized 4th generation initiative,implement vertical initiatives
Koepp LLC,Reverse-engineered transitional parallelism,empower virtual portals
Hudson - Schultz,Phased stable customer loyalty,monetize cross-platform synergies
Beahan Inc,Re-engineered upward-trending definition,harness interactive networks
Feeney Group,User-friendly hybrid archive,synthesize revolutionary solutions
"Langworth, Kreiger and Abbott",Ameliorated directional encryption,harness end-to-end solutions
"Bogan, Prosacco and Lebsack",Inverse regional standardization,matrix magnetic architectures
Medhurst Group,Focused 24/7 capability,disintermediate innovative users
"Jerde, Rice and Treutel",Devolved optimizing Graphical User Interface,mesh distributed applications
Dare Group,Compatible mobile support,maximize world-class deliverables
"Yost, Huels and Maggio",Cross-group systemic open architecture,strategize proactive models
Walsh - Kiehn,Programmable intangible encryption,innovate extensible interfaces
Runolfsdottir - Hand,Realigned mission-critical matrix,orchestrate collaborative relationships
West Inc,Innovative disintermediate collaboration,matrix web-enabled bandwidth
"Mertz, Spinka and Denesik",Stand-alone 4th generation access,architect global deliverables
"Kuhn, Carter and Little",Networked national project,recontextualize leading-edge niches
Ferry - Kuhlman,Multi-layered coherent toolset,transition ubiquitous channels
Nikolaus Group,Reduced global knowledge base,deploy extensible systems
Frami and Sons,Optimized maximized structure,disintermediate sexy mindshare
Stark - Schaden,Distributed motivating superstructure,whiteboard dynamic markets
"Toy, Mosciski and Hettinger",Secured optimizing instruction set,strategize back-end infrastructures
Schmeler Inc,Cloned exuding toolset,aggregate transparent paradigms
"Gorczany, Roob and Davis",Open-source system-worthy neural-net,optimize next-generation channels
Purdy - Hyatt,Universal mission-critical database,enable value-added relationships
"Bergstrom, Parker and Herzog",Fully-configurable content-based info-mediaries,leverage distributed experiences
Haley - Swift,Enhanced object-oriented task-force,productize leading-edge niches
"Wehner, Ward and Kris",Optional motivating concept,scale strategic metrics
Hyatt - Wolf,Monitored hybrid protocol,engage synergistic architectures
"Goodwin, Wuckert and O'Keefe",Devolved incremental contingency,benchmark synergistic communities
"McLaughlin, Mitchell and Hegmann",Synergized bi-directional database,envisioneer virtual schemas
Buckridge - Halvorson,Customer-focused intermediate flexibility,whiteboard sticky communities
"Kuhic, Howe and Zemlak",Right-sized eco-centric middleware,integrate interactive metrics
Labadie Group,Balanced content-based success,redefine best-of-breed synergies
"Donnelly, Jacobson and Wintheiser",Centralized neutral customer loyalty,enhance virtual solutions
"Rodriguez, Denesik and Gibson",Mandatory modular strategy,enhance back-end lifetime value
Carroll Inc,Networked next generation support,redefine end-to-end applications
"Runolfsdottir, Parker and Padberg",Upgradable responsive functionalities,integrate global ROI
Powlowski and Sons,Synergistic scalable neural-net,benchmark e-business content
"Douglas, Turner and O'Hara",Cloned 6th generation complexity,deliver global portals
"Mills, Stokes and Murphy",Organized tertiary complexity,e-enable best-of-breed bandwidth
Nolan Group,Synergized real-time projection,syndicate efficient convergence
"Boyle, Koch and Hamill",Focused bandwidth-monitored paradigm,drive 24/365 e-markets
Farrell Group,Enhanced neutral data-warehouse,deploy granular markets
Waelchi - Gulgowski,Progressive national conglomeration,integrate dot-com portals
Rodriguez Group,User-centric neutral projection,optimize 24/7 deliverables
Wunsch Inc,Customizable tangible archive,enhance plug-and-play networks
"Gibson, Sporer and Bartoletti",Synergistic optimal support,innovate holistic partnerships
"Hansen, Marvin and White",Organic clear-thinking framework,evolve viral systems
"Waters, Larson and Collier",Open-source impactful initiative,visualize web-enabled channels
"Anderson, Hand and Torphy",User-friendly 4th generation artificial intelligence,incentivize customized models
Grant Inc,Adaptive leading edge local area network,extend granular action-items
Conroy Group,Future-proofed clear-thinking utilisation,innovate turn-key experiences
Stokes Group,Digitized upward-trending core,facilitate value-added niches
"Ondricka, Torphy and Schiller",Persistent disintermediate array,enhance e-business networks
Cole - Fritsch,Down-sized disintermediate implementation,leverage interactive channels
"Kohler, Kirlin and Langosh",Devolved impactful infrastructure,recontextualize intuitive platforms
Roob and Sons,Secured coherent leverage,mesh web-enabled eyeballs
"Jacobs, Shields and Hoeger",Balanced client-driven toolset,deploy clicks-and-mortar systems
Hermiston - Marquardt,Public-key stable superstructure,disintermediate efficient partnerships
McCullough - Prohaska,Ameliorated upward-trending frame,utilize rich interfaces
"Abshire, Cremin and DuBuque",Secured optimal protocol,matrix plug-and-play markets
Howell and Sons,Robust solution-oriented workforce,whiteboard magnetic systems
"O'Hara, Hirthe and Ferry",Function-based 3rd generation challenge,scale granular portals
Hodkiewicz and Sons,Polarised upward-trending monitoring,iterate sticky convergence
"Gleason, Hoeger and Reinger",Proactive client-server toolset,synthesize efficient action-items
Abshire - Mosciski,Quality-focused hybrid core,brand e-business schemas
Walsh Group,Multi-layered heuristic archive,synergize front-end platforms
Frami Inc,Grass-roots regional structure,morph rich networks
Kuhlman Inc,Fully-configurable value-added extranet,deploy vertical metrics
Wilderman - Senger,Re-engineered asymmetric matrix,transform transparent interfaces
Olson Group,Quality-focused modular extranet,morph vertical communities
Shanahan - Fahey,Automated 24 hour website,visualize dynamic blockchains
"Huel, Mills and Gutkowski",Universal intermediate challenge,exploit open-source applications
Paucek - Daniel,Mandatory 5th generation open architecture,grow one-to-one e-business
Brekke Group,Digitized upward-trending website,reinvent front-end action-items
Abshire Group,Mandatory 6th generation concept,scale turn-key lifetime value
"Heaney, Carter and Windler",Cloned eco-centric support,generate 24/365 action-items
Langosh - Windler,Grass-roots radical throughput,monetize leading-edge partnerships
Leuschke LLC,Fundamental didactic adapter,innovate integrated infrastructures
Tremblay - Marquardt,Realigned radical analyzer,matrix scalable bandwidth
Halvorson LLC,Cross-group regional approach,reinvent granular portals
Schneider - Powlowski,Reduced cohesive Graphic Interface,optimize enterprise action-items
"Lowe, Harvey and Romaguera",Compatible intangible collaboration,empower global bandwidth
Gleason Inc,Profound 5th generation software,revolutionize turn-key networks
O'Hara - Hackett,Centralized system-worthy data-warehouse,recontextualize enterprise networks
"Marvin, Frami and Connelly",Automated dynamic strategy,seize 24/7 solutions
Kilback - McLaughlin,Polarised 6th generation conglomeration,engage end-to-end networks
Bechtelar and Sons,Persistent hybrid portal,target value-added lifetime value
Wunsch - Funk,Mandatory encompassing utilisation,strategize sticky systems
Ullrich - Kling,Reactive well-modulated protocol,generate user-centric eyeballs
"Kessler, Okuneva and Cummings",Grass-roots intangible encryption,extend e-business paradigms
"Dicki, Ryan and Wolff",Centralized well-modulated infrastructure,mesh ubiquitous models
"Goldner, Deckow and Wilderman",Implemented multi-tasking product,whiteboard leading-edge synergies
Stehr and Sons,Robust non-volatile open architecture,innovate out-of-the-box experiences
Boyer LLC,Operative asynchronous array,repurpose bricks-and-clicks synergies
"Sanford, Fritsch and Kulas",Open-source cohesive service-desk,innovate out-of-the-box action-items
Torp - Tremblay,Digitized demand-driven task-force,strategize holistic portals
Orn Group,Vision-oriented static superstructure,strategize one-to-one niches
"Grady, Williamson and Zemlak",Organized dedicated product,cultivate compelling supply-chains
Weber and Sons,Streamlined regional capacity,innovate front-end markets
"Kemmer, Jakubowski and Strosin",Adaptive solution-oriented firmware,cultivate next-generation e-business
Towne Inc,Synchronised neutral collaboration,syndicate back-end architectures
Hintz - Nader,Phased heuristic solution,facilitate global relationships
"Senger, Johnson and Maggio",Object-based transitional parallelism,leverage end-to-end networks
"Gislason, Prosacco and Howell",Polarised client-server definition,transition cross-media e-business
Considine Group,Mandatory 24/7 solution,orchestrate intuitive e-markets
Rath - Kohler,Networked heuristic structure,iterate holistic e-business
Cummings - Runte,Open-architected human-resource neural-net,reintermediate plug-and-play communities
"Brekke, Jaskolski and Wuckert",Focused secondary knowledge base,empower frictionless systems
"Hoeger, O'Conner and Dare",Distributed full-range encryption,empower back-end synergies
"Howell, Bergnaum and Waelchi",Balanced solution-oriented analyzer,incubate virtual portals
Feeney Inc,User-friendly grid-enabled knowledge base,repurpose one-to-one convergence
Blanda Group,Configurable content-based functionalities,transform interactive channels
Runolfsson - Reichert,Reactive background help-desk,enable impactful supply-chains
Rolfson - Jerde,Networked background solution,e-enable value-added solutions
Morissette Inc,Visionary well-modulated collaboration,mesh compelling niches
Sauer - Champlin,Networked real-time parallelism,productize back-end e-commerce
"Pfeffer, Larkin and Balistreri",Mandatory zero defect flexibility,monetize revolutionary synergies
"Schowalter, Erdman and Wiza",Expanded optimal workforce,implement open-source markets
"McDermott, Brekke and Harvey",Advanced tangible data-warehouse,transition integrated lifetime value
Rau LLC,Synergized transitional firmware,drive leading-edge experiences
"Dach, Gutmann and Mohr",Inverse encompassing moderator,monetize seamless synergies
Bergstrom - Howe,Horizontal bandwidth-monitored orchestration,deliver e-business communities
"Roob, Stark and Padberg",Object-based analyzing projection,recontextualize dynamic networks
"Farrell, VonRueden and Bartell",Enterprise-wide homogeneous encryption,facilitate back-end e-markets
"Olson, Heaney and Schmeler",Expanded 24/7 hub,repurpose rich action-items
Yost - Mertz,Switchable full-range knowledge base,empower distributed initiatives
Kerluke Inc,Devolved bottom-line structure,seize collaborative infrastructures
Langosh - D'Amore,Proactive intermediate attitude,scale virtual solutions
McClure LLC,Ameliorated multimedia frame,maximize web-enabled metrics
Feil - Bednar,Polarised disintermediate encryption,revolutionize revolutionary e-business
Cronin Inc,User-centric web-enabled parallelism,innovate efficient infrastructures
"Schaden, Bauch and Herman",Fundamental uniform pricing structure,target ubiquitous functionalities
Ernser - Adams,Horizontal non-volatile framework,cultivate scalable e-business
Gorczany LLC,Advanced holistic hardware,transition cross-platform solutions
Hermann - Smith,Function-based zero administration knowledge user,transition mission-critical portals
Langosh Group,Horizontal exuding Graphic Interface,engage integrated markets
Connelly - Haley,Compatible transitional protocol,synergize scalable metrics
McClure - Crist,Vision-oriented directional help-desk,transition dot-com bandwidth
Windler LLC,Persistent methodical ability,whiteboard killer supply-chains
Grady and Sons,Customer-focused homogeneous throughput,incubate granular communities
Macejkovic Inc,Integrated bifurcated installation,incentivize mission-critical convergence
Wilkinson Group,Networked empowering approach,expedite 24/7 e-commerce
Tromp - Schinner,Team-oriented directional hierarchy,synergize sticky initiatives
Glover - Nienow,Realigned needs-based benchmark,iterate interactive applications
"Muller, Rohan and Mills",Stand-alone composite hardware,reintermediate rich metrics
Walker - Stracke,Universal fresh-thinking knowledge base,iterate end-to-end experiences
Gleichner - Zieme,Secured intangible utilisation,engineer visionary systems
Lakin Group,Future-proofed directional internet solution,target clicks-and-mortar markets
"Cole, MacGyver and Stehr",Ameliorated optimal secured line,strategize innovative metrics
King and Sons,Open-architected well-modulated algorithm,evolve bricks-and-clicks markets
"Thompson, Shields and Schuster",Exclusive secondary structure,grow dot-com supply-chains
"Jacobs, Rempel and McCullough",De-engineered object-oriented adapter,extend turn-key models
Maggio LLC,Inverse uniform firmware,drive B2B content
Feeney LLC,Multi-tiered real-time concept,engage value-added communities
Dickinson Group,Right-sized context-sensitive utilisation,extend value-added experiences
Carter Group,Open-architected non-volatile firmware,enhance proactive e-markets
"McDermott, Skiles and Reichert",Pre-emptive high-level analyzer,synergize vertical action-items
Ferry - Franey,Compatible leading edge moderator,engineer open-source portals
"Kassulke, Abernathy and Kling",Mandatory dynamic attitude,reinvent back-end e-commerce
"White, Kutch and Becker",Implemented 24/7 protocol,scale compelling solutions
Howell Group,Universal zero tolerance infrastructure,transform 24/365 interfaces
Schulist - Cummerata,Implemented fault-tolerant hierarchy,embrace out-of-the-box architectures
Lindgren and Sons,Optimized leading edge software,enhance extensible e-business
"Runolfsson, D'Amore and Wintheiser",Function-based incremental complexity,transform front-end methodologies
"Skiles, Cassin and Little",Profound stable matrices,transition rich networks
Marquardt Group,Polarised grid-enabled software,redefine extensible ROI
Zulauf LLC,Customizable intangible projection,incentivize intuitive synergies
"Feil, Kovacek and Pacocha",Synchronised system-worthy monitoring,revolutionize interactive infrastructures
"Bernier, Crist and Ruecker",Right-sized directional application,morph e-business synergies
"Boyle, Champlin and Collins",Pre-emptive clear-thinking protocol,deploy rich metrics
Schulist - Labadie,Triple-buffered intangible hierarchy,incubate synergistic channels
Smitham - Beatty,Universal asymmetric flexibility,enhance bleeding-edge lifetime value
Pouros and Sons,Expanded object-oriented orchestration,streamline world-class e-commerce
Bashirian and Sons,Fully-configurable reciprocal adapter,optimize one-to-one experiences
"Waters, Schamberger and Stehr",Expanded background focus group,mesh turn-key users
Towne - Davis,Compatible 5th generation protocol,strategize B2B technologies
Fisher - Reichel,Re-engineered reciprocal software,empower efficient systems
Grant Inc,Vision-oriented 5th generation protocol,enable best-of-breed niches
"Rohan, Reynolds and Keebler",Up-sized upward-trending challenge,grow B2C architectures
Pouros and Sons,Polarised exuding neural-net,benchmark real-time relationships
"Raynor, Bednar and Glover",Vision-oriented client-driven moratorium,seize dynamic supply-chains
Jones Group,Universal non-volatile definition,scale virtual mindshare
Murray and Sons,Persevering fault-tolerant projection,incubate 24/7 solutions
"Gerlach, Bode and Reichel",Re-engineered transitional concept,embrace synergistic channels
Cole - Brown,Public-key 3rd generation conglomeration,brand seamless synergies
Marquardt Group,Persistent dynamic artificial intelligence,whiteboard impactful initiatives
"Haag, Schmidt and Gulgowski",Multi-channelled motivating moderator,whiteboard 24/365 e-business
"Deckow, Gislason and Rowe",Expanded next generation alliance,mesh best-of-breed models
"Borer, Gibson and Corkery",Face to face fresh-thinking circuit,repurpose real-time initiatives
Howell and Sons,Networked methodical task-force,integrate proactive partnerships
"Ward, Wyman and Lakin",Expanded value-added success,transform B2B markets
"Berge, Koelpin and Collins",Persistent asymmetric core,maximize cross-platform blockchains
VonRueden LLC,Face to face human-resource task-force,generate turn-key relationships
Schaden LLC,Intuitive exuding extranet,revolutionize impactful mindshare
Rolfson - Kunze,Cloned logistical info-mediaries,revolutionize proactive e-commerce
Jaskolski LLC,De-engineered didactic orchestration,enable visionary bandwidth
Boyle and Sons,Persistent user-facing customer loyalty,mesh strategic e-markets
"Bergnaum, Bogisich and Leuschke",Triple-buffered multi-state neural-net,enable web-enabled blockchains
"Dietrich, Nikolaus and Pacocha",Quality-focused didactic encryption,transform strategic ROI
Harvey Group,Multi-lateral needs-based core,seize bricks-and-clicks networks
"Ryan, Schiller and Jakubowski",Realigned zero defect definition,transition sticky e-markets
Gottlieb and Sons,Devolved asymmetric circuit,reintermediate world-class methodologies
"Roob, Cartwright and Carroll",Assimilated 3rd generation moratorium,harness user-centric lifetime value
"Hahn, Koelpin and Rippin",Customer-focused non-volatile utilisation,incubate ubiquitous technologies
Durgan - Goodwin,Virtual didactic application,evolve 24/7 initiatives
Bruen Group,Realigned non-volatile orchestration,incentivize wireless initiatives
Thompson and Sons,Secured leading edge algorithm,iterate visionary convergence
Schmitt - Koch,Balanced national system engine,integrate wireless portals
Bogisich - Medhurst,Public-key disintermediate Graphic Interface,enable interactive synergies
Romaguera Group,Multi-tiered 5th generation internet solution,morph back-end systems
"Schamberger, Langworth and Mills",Assimilated object-oriented help-desk,utilize B2B ROI
"Bauch, Hintz and Kutch",Compatible zero defect contingency,implement proactive convergence
"Abshire, Cruickshank and Moore",Adaptive client-server migration,repurpose user-centric initiatives
Shields - Waelchi,Diverse neutral forecast,integrate one-to-one bandwidth
"Larson, Kuhn and Lockman",Synergized scalable benchmark,repurpose dot-com methodologies
"Kuhlman, Wunsch and Lockman",Progressive 4th generation collaboration,incubate enterprise experiences
Abernathy Group,Business-focused solution-oriented initiative,mesh front-end architectures
Weber Group,Adaptive hybrid ability,revolutionize end-to-end e-commerce
Abbott - Lindgren,Adaptive explicit local area network,empower bricks-and-clicks eyeballs
Schmidt - Muller,Fully-configurable homogeneous initiative,embrace wireless communities
Wolff - Jast,Vision-oriented client-driven projection,disintermediate vertical relationships
"Zboncak, Jakubowski and Graham",Integrated clear-thinking alliance,architect global eyeballs
Blanda - Franey,Horizontal composite emulation,e-enable visionary partnerships
"Boyle, Brekke and Rath",Synchronised scalable array,implement synergistic convergence
Schroeder - Bogisich,Configurable transitional artificial intelligence,transition seamless e-business
Hills LLC,Enhanced 3rd generation workforce,transition transparent supply-chains
Abshire and Sons,Progressive secondary matrix,synthesize dot-com ROI
"Schimmel, McCullough and Gibson",Inverse 24 hour moratorium,architect out-of-the-box lifetime value
O'Kon Inc,Enhanced zero defect open architecture,e-enable cross-platform networks
Schulist - Bernier,Pre-emptive content-based process improvement,transition interactive schemas
Cummings - Bayer,Focused asynchronous knowledge base,reinvent transparent paradigms
Bergstrom Inc,Re-engineered exuding pricing structure,iterate integrated ROI
"Brekke, Cremin and Bednar",Quality-focused even-keeled access,integrate scalable e-commerce
Pacocha Inc,Multi-lateral contextually-based portal,empower dot-com content
"Bailey, Feeney and Hodkiewicz",Reduced stable installation,deliver cross-media schemas
Leannon - Lakin,Cross-platform 5th generation success,target global platforms
Conroy Group,Mandatory high-level local area network,cultivate virtual convergence
Mohr LLC,Public-key well-modulated pricing structure,scale impactful partnerships
Spencer and Sons,Business-focused heuristic help-desk,exploit plug-and-play e-markets
Mann Inc,Ameliorated radical circuit,cultivate end-to-end portals
Feeney LLC,Digitized 4th generation toolset,seize front-end e-markets
"Murazik, Hackett and Koss",Balanced high-level hub,whiteboard sticky interfaces
Grimes - Lind,Customizable discrete superstructure,envisioneer back-end synergies
Johnston - Crist,Function-based national middleware,embrace cutting-edge supply-chains
Paucek - Boehm,Switchable user-facing database,engineer holistic niches
"Harris, Bahringer and Wehner",Business-focused explicit migration,expedite 24/7 lifetime value
Bashirian - Reichert,Fully-configurable 5th generation core,architect ubiquitous methodologies
Schiller - Becker,Cloned radical attitude,visualize end-to-end mindshare
"Will, Roob and Swift",Multi-tiered radical throughput,architect dot-com platforms
Ernser - Oberbrunner,Diverse motivating local area network,cultivate open-source architectures
Grimes - Bednar,Fundamental executive functionalities,redefine e-business deliverables
Hills - Crooks,Progressive object-oriented data-warehouse,extend revolutionary bandwidth
Ondricka - Greenfelder,Realigned homogeneous attitude,iterate intuitive models
Reilly Inc,Configurable encompassing info-mediaries,target best-of-breed functionalities
Koepp - Green,Ameliorated exuding forecast,redefine collaborative infrastructures
Dooley - Dickens,Enterprise-wide actuating open system,recontextualize synergistic infrastructures
"Muller, Homenick and Gerhold",Synchronised mission-critical open system,leverage synergistic web services
"Grady, Murphy and Donnelly",Managed contextually-based algorithm,brand distributed ROI
Keebler - Mills,Polarised eco-centric alliance,mesh 24/7 channels
O'Conner LLC,Centralized responsive structure,innovate one-to-one systems
O'Connell Group,Compatible tangible projection,generate out-of-the-box portals
"Turcotte, Heidenreich and Rutherford",Phased multi-state intranet,e-enable one-to-one applications
"Kassulke, Bosco and Hane",Multi-layered fault-tolerant process improvement,streamline impactful niches
"Herman, Jacobi and Streich",Ameliorated tangible interface,productize vertical portals
Pouros - Bogisich,Proactive bottom-line customer loyalty,repurpose user-centric systems
Powlowski LLC,Pre-emptive bifurcated portal,transform efficient users
Leffler - Robel,Monitored logistical product,drive viral schemas
"Gutkowski, Windler and Langworth",Virtual client-driven definition,visualize best-of-breed interfaces
"Klein, Tremblay and Legros",Realigned attitude-oriented pricing structure,synthesize visionary partnerships
Schumm - Littel,Intuitive interactive benchmark,expedite seamless experiences
Mills - Runolfsson,Versatile stable policy,scale best-of-breed convergence
Sanford - Walker,Triple-buffered mobile encoding,repurpose mission-critical mindshare
Harvey and Sons,Diverse directional groupware,empower intuitive e-business
"Hegmann, Rath and Hodkiewicz",Intuitive interactive challenge,evolve user-centric e-commerce
Larkin - Zieme,Down-sized attitude-oriented alliance,enhance web-enabled partnerships
Rodriguez Inc,Decentralized homogeneous structure,syndicate interactive content
Wolff - Baumbach,Optional mobile standardization,architect cutting-edge eyeballs
"Tremblay, Crona and Towne",Customer-focused 24 hour architecture,revolutionize bleeding-edge experiences
Langworth LLC,Profound 4th generation process improvement,evolve cross-platform partnerships
Reynolds - Marvin,Quality-focused local moratorium,generate revolutionary communities
"Rosenbaum, Tillman and Schulist",Enterprise-wide responsive monitoring,engineer virtual e-business
Johnson - Little,Polarised secondary pricing structure,incentivize integrated metrics
"Lindgren, Wolf and Carter",Organic static implementation,expedite next-generation paradigms
Koepp Group,Fully-configurable coherent leverage,engage bricks-and-clicks systems
Kiehn - Heathcote,Synergistic executive intranet,architect dot-com portals
Smitham - Berge,Re-engineered executive orchestration,evolve dot-com e-commerce
Nikolaus Group,Right-sized tangible migration,recontextualize mission-critical e-markets
"Leannon, Lowe and Raynor",Configurable hybrid adapter,brand B2C channels
"Larkin, Watsica and Bradtke",Versatile fault-tolerant process improvement,target B2C convergence
O'Hara - Feeney,Digitized optimizing array,orchestrate cutting-edge networks
Stroman - Abernathy,Open-architected high-level application,transition bleeding-edge platforms
"Pacocha, Davis and Rodriguez",Assimilated methodical policy,e-enable efficient deliverables
Reichel Group,Multi-tiered local interface,engage strategic applications
"Turcotte, Ratke and Beier",Self-enabling even-keeled budgetary management,aggregate end-to-end relationships
"Bosco, Hermiston and Bernhard",Up-sized disintermediate archive,iterate transparent blockchains
"Runolfsdottir, Kunde and Abbott",Profound optimal emulation,utilize bricks-and-clicks initiatives
"Altenwerth, Gutmann and Cormier",User-friendly needs-based local area network,repurpose value-added technologies
Renner - Cronin,Switchable exuding benchmark,synergize revolutionary technologies
Torphy - Jakubowski,Diverse didactic Graphic Interface,unleash bleeding-edge portals
"Schmidt, Mosciski and Veum",Sharable impactful synergy,strategize e-business partnerships
Goodwin Group,Team-oriented cohesive customer loyalty,repurpose extensible initiatives
Ankunding - Botsford,Grass-roots tertiary synergy,optimize strategic mindshare
Witting - Wisozk,Reactive impactful firmware,recontextualize robust solutions
Greenholt - Reynolds,Proactive executive focus group,reintermediate granular e-commerce
Barton - Stehr,Up-sized multi-tasking function,mesh dynamic web services
"Rempel, Kuhic and Reinger",Multi-channelled optimal model,incubate sticky architectures
Padberg - Ortiz,Grass-roots interactive local area network,repurpose front-end systems
Spencer Inc,Synergized dynamic artificial intelligence,deliver end-to-end supply-chains
Abbott Inc,Monitored non-volatile installation,optimize distributed initiatives
Russel - Reichert,Monitored responsive encoding,incentivize turn-key applications
"Lesch, Bashirian and Runte",Quality-focused composite moratorium,architect user-centric schemas
Becker LLC,Extended attitude-oriented open architecture,streamline collaborative mindshare
"Bahringer, Ullrich and Baumbach",Balanced 4th generation pricing structure,brand robust networks
"Zemlak, Legros and Farrell",Devolved responsive intranet,extend revolutionary functionalities
"Haley, Barrows and Cole",Total responsive time-frame,incubate customized supply-chains
"Beer, Pagac and Adams",Universal dynamic core,morph best-of-breed relationships
Walker - Barton,Inverse 24/7 emulation,optimize next-generation solutions
Schowalter Group,Face to face systemic task-force,expedite vertical schemas
"Crona, Daugherty and Mitchell",Self-enabling empowering conglomeration,target robust communities
Turcotte Inc,Inverse local info-mediaries,grow synergistic relationships
Miller LLC,Synchronised secondary superstructure,whiteboard sexy portals
Rath - Upton,Upgradable tangible superstructure,drive out-of-the-box web services
Gutkowski and Sons,Multi-lateral leading edge moderator,seize mission-critical convergence
Schimmel - Harber,Configurable exuding utilisation,optimize cross-media channels
"Sipes, Sauer and Stracke",Mandatory attitude-oriented throughput,morph end-to-end paradigms
Graham Inc,User-friendly cohesive firmware,deliver impactful communities
Smith - McLaughlin,Adaptive exuding portal,redefine compelling action-items
Lubowitz LLC,Versatile non-volatile middleware,monetize impactful supply-chains
Rice - Rohan,Customer-focused bottom-line budgetary management,generate dynamic users
Yundt and Sons,Front-line bottom-line definition,evolve 24/365 web services
Hegmann - Johns,Organic attitude-oriented intranet,implement bleeding-edge experiences
"Frami, Harris and Runolfsdottir",Total intermediate approach,synthesize front-end lifetime value
Lubowitz - Hickle,Object-based disintermediate collaboration,maximize integrated communities
"Grimes, Koch and Grant",Focused 24 hour core,seize value-added markets
Swift - Ondricka,Re-contextualized mission-critical matrices,utilize out-of-the-box paradigms
"Nitzsche, Powlowski and Kiehn",Persistent needs-based attitude,facilitate best-of-breed solutions
Cruickshank - Mitchell,Cross-group well-modulated framework,aggregate mission-critical mindshare
Gerhold - O'Hara,Inverse secondary utilisation,unleash frictionless interfaces
Robel - Kessler,Multi-channelled 5th generation frame,disintermediate cutting-edge bandwidth
"Mayert, Kertzmann and Swift",Upgradable motivating access,mesh interactive models
"Beahan, Kub and Zieme",Down-sized bottom-line info-mediaries,strategize killer action-items
Mayert - Bogisich,Optional content-based forecast,engage holistic e-commerce
"Lang, Towne and Ankunding",Multi-channelled object-oriented matrix,facilitate best-of-breed action-items
Bashirian LLC,Customer-focused coherent firmware,aggregate collaborative architectures
"Ankunding, Wisoky and Kilback",Organized zero tolerance matrix,revolutionize distributed partnerships
"O'Kon, Cummings and Fahey",Virtual background initiative,harness value-added mindshare
"Lubowitz, Wolf and Baumbach",Sharable systematic infrastructure,grow holistic functionalities
Dibbert Inc,Cloned optimal instruction set,unleash bleeding-edge methodologies
O'Reilly Inc,Polarised asynchronous info-mediaries,integrate plug-and-play channels
Mayer - McDermott,Multi-layered holistic utilisation,syndicate robust content
"Hintz, Mayert and Ruecker",Synergized fault-tolerant analyzer,aggregate scalable technologies
"Bergnaum, Marks and Carroll",Optional asymmetric access,innovate turn-key initiatives
"Schneider, Zieme and Dach",Mandatory encompassing extranet,expedite best-of-breed technologies
Hermann Inc,Future-proofed global synergy,visualize sexy mindshare
"Rutherford, Grant and Emmerich",Stand-alone object-oriented internet solution,extend customized e-commerce
Konopelski Inc,Decentralized explicit alliance,embrace web-enabled paradigms
Nader - Effertz,Reactive foreground emulation,target one-to-one blockchains
Thiel - Mitchell,Synergized user-facing workforce,integrate integrated technologies
Kshlerin Group,Profit-focused clear-thinking concept,e-enable transparent portals
"Green, McClure and Moen",Reactive actuating application,iterate visionary technologies
Schamberger - Hermiston,Realigned exuding orchestration,reinvent back-end lifetime value
Reinger - Oberbrunner,Configurable needs-based info-mediaries,enhance 24/365 schemas
Wehner and Sons,Sharable executive parallelism,engineer transparent solutions
Feeney Inc,Fundamental encompassing hierarchy,scale dynamic lifetime value
Reynolds and Sons,Multi-layered client-driven synergy,incubate dynamic convergence
Russel - Abbott,Organized client-server knowledge user,empower cross-platform technologies
Koelpin - Rice,Secured national emulation,grow revolutionary initiatives
Lehner - Wunsch,Progressive foreground interface,incentivize open-source networks
Morissette LLC,Adaptive interactive website,synthesize interactive systems
Russel LLC,Re-contextualized directional data-warehouse,brand B2B models
Cartwright Group,Multi-lateral hybrid policy,target compelling partnerships
Bahringer Group,Ergonomic user-facing analyzer,recontextualize robust methodologies
Christiansen and Sons,Team-oriented fault-tolerant capability,repurpose viral niches
Senger - Goyette,Progressive even-keeled initiative,deliver frictionless partnerships
Hintz - Boyer,Persevering bi-directional benchmark,extend 24/7 methodologies
Shields Inc,De-engineered scalable info-mediaries,incentivize viral content
Jakubowski - Runte,Front-line optimizing benchmark,deploy customized synergies
"Herman, Gleichner and Nitzsche",Compatible 24 hour attitude,grow global users
Haag Inc,Front-line holistic methodology,matrix cutting-edge supply-chains
Quitzon LLC,Organized dynamic utilisation,mesh e-business portals
"Bashirian, Heller and Koelpin",Vision-oriented impactful forecast,target holistic blockchains
"Stark, Metz and Kilback",Ameliorated fault-tolerant collaboration,enable proactive infrastructures
"Cummerata, Bins and Kozey",Seamless mobile adapter,whiteboard end-to-end convergence
Bayer LLC,Grass-roots leading edge challenge,e-enable B2C models
"Crooks, Swift and Balistreri",Robust radical moderator,deliver one-to-one e-commerce
"Jerde, Pagac and McKenzie",Business-focused foreground toolset,deploy proactive systems
Kulas LLC,Balanced static utilisation,monetize cutting-edge initiatives
Paucek - Lockman,Public-key user-facing migration,disintermediate rich methodologies
Bartell LLC,Reduced full-range project,deliver mission-critical supply-chains
Lockman LLC,Organized homogeneous orchestration,engage web-enabled platforms
Gottlieb and Sons,Business-focused well-modulated array,scale synergistic solutions
Kuhic LLC,Customizable disintermediate support,transition best-of-breed e-markets
"Zieme, Kuvalis and MacGyver",Extended leading edge framework,harness turn-key ROI
Keebler - Conn,Enhanced user-facing approach,repurpose killer metrics
Kohler LLC,Self-enabling disintermediate local area network,target bricks-and-clicks eyeballs
"Parker, Dibbert and Simonis",Seamless context-sensitive alliance,implement transparent ROI
Murazik and Sons,Fully-configurable explicit service-desk,utilize cutting-edge web services
Roberts - Hickle,Multi-layered 24/7 portal,deliver bricks-and-clicks initiatives
Bruen - Miller,Balanced incremental circuit,empower strategic channels
Bergstrom Group,User-friendly multi-state interface,disintermediate vertical markets
"Beahan, Zboncak and Schneider",Upgradable full-range workforce,transform granular initiatives
Parisian - Satterfield,Managed upward-trending artificial intelligence,innovate 24/365 web services
Berge and Sons,Inverse hybrid benchmark,brand best-of-breed networks
Cronin Inc,Open-architected maximized budgetary management,mesh mission-critical channels
Gusikowski - Considine,Open-source leading edge support,brand real-time methodologies
"Ortiz, Treutel and Brakus",Phased mission-critical productivity,strategize visionary architectures
"O'Kon, Sawayn and Denesik",Focused executive artificial intelligence,grow visionary bandwidth
"Grant, Frami and Kuvalis",Total directional Graphical User Interface,incubate enterprise niches
Smitham and Sons,Public-key foreground protocol,engage strategic users
Cruickshank LLC,Re-engineered actuating protocol,deliver user-centric portals
Hane LLC,Enhanced secondary ability,deliver cross-platform relationships
"Hauck, Hayes and Langworth",Multi-lateral discrete project,orchestrate world-class functionalities
Altenwerth and Sons,Sharable web-enabled throughput,transition granular portals
Vandervort - Olson,Multi-layered scalable concept,maximize global metrics
Hackett Inc,Multi-layered grid-enabled neural-net,iterate collaborative interfaces
Lockman LLC,Enhanced user-facing alliance,matrix innovative lifetime value
Reilly Group,Synergistic zero defect interface,utilize sexy convergence
"Hills, Lueilwitz and Leuschke",Profit-focused mobile utilisation,disintermediate 24/7 channels
"McDermott, Lemke and Bartoletti",Robust tertiary architecture,expedite innovative partnerships
Lubowitz - Steuber,Cross-platform even-keeled attitude,aggregate global ROI
"Vandervort, Price and Zieme",Optional real-time database,e-enable sexy action-items
"Wisoky, Denesik and Huel",Re-engineered actuating strategy,engineer open-source solutions
Stark Inc,Organic incremental throughput,embrace value-added metrics
Ledner Group,Focused composite local area network,seize end-to-end paradigms
Will - Feeney,Self-enabling context-sensitive process improvement,synthesize one-to-one e-business
Nolan - Toy,Compatible directional benchmark,utilize 24/365 eyeballs
Balistreri Group,Function-based tertiary installation,utilize revolutionary eyeballs
Howell Group,Devolved intermediate synergy,empower mission-critical partnerships
"Conn, Will and Ernser",Multi-layered multi-state protocol,expedite killer interfaces
"Smitham, Ruecker and Mertz",User-friendly exuding focus group,enable enterprise ROI
"Rau, Schroeder and Durgan",Sharable zero tolerance throughput,optimize B2B networks
Donnelly - Breitenberg,Self-enabling system-worthy help-desk,harness ubiquitous web services
Doyle Inc,Future-proofed context-sensitive open architecture,empower ubiquitous solutions
"Stehr, Hayes and Greenholt",Automated composite flexibility,mesh web-enabled systems
"Purdy, Trantow and Kovacek",Adaptive bottom-line approach,leverage B2B experiences
Schuppe - Leuschke,Quality-focused full-range workforce,e-enable seamless users
"Collins, Grady and Feil",Ameliorated impactful strategy,facilitate synergistic metrics
Johnston Group,User-centric asynchronous circuit,orchestrate interactive supply-chains
"Kuhic, Bergstrom and Carter",Extended global concept,harness rich markets
Streich - Towne,Organic systematic extranet,transform value-added niches
"Kunze, Okuneva and Thiel",Virtual zero defect core,harness out-of-the-box applications
"Stokes, Stokes and Grady",Total cohesive groupware,expedite ubiquitous e-commerce
Crist - Franecki,Reduced upward-trending frame,brand seamless eyeballs
Barrows LLC,Streamlined optimal standardization,harness 24/7 networks